<?xml version="1.0" encoding="UTF-8"?>
<mule xmlns="http://www.mulesoft.org/schema/mule/core" xmlns:apikit="http://www.mulesoft.org/schema/mule/apikit" xmlns:doc="http://www.mulesoft.org/schema/mule/documentation" xmlns:dw="http://www.mulesoft.org/schema/mule/ee/dw" xmlns:http="http://www.mulesoft.org/schema/mule/http" xmlns:scripting="http://www.mulesoft.org/schema/mule/scripting" xmlns:spring="http://www.springframework.org/schema/beans" xmlns:tracking="http://www.mulesoft.org/schema/mule/ee/tracking" xmlns:xsi="http://www.w3.org/2001/XMLSchema-instance" xsi:schemaLocation="http://www.mulesoft.org/schema/mule/scripting http://www.mulesoft.org/schema/mule/scripting/current/mule-scripting.xsd
http://www.mulesoft.org/schema/mule/core http://www.mulesoft.org/schema/mule/core/current/mule.xsd
http://www.mulesoft.org/schema/mule/http http://www.mulesoft.org/schema/mule/http/current/mule-http.xsd
http://www.mulesoft.org/schema/mule/apikit http://www.mulesoft.org/schema/mule/apikit/current/mule-apikit.xsd
http://www.springframework.org/schema/beans http://www.springframework.org/schema/beans/spring-beans-3.1.xsd
http://www.mulesoft.org/schema/mule/ee/tracking http://www.mulesoft.org/schema/mule/ee/tracking/current/mule-tracking-ee.xsd
http://www.mulesoft.org/schema/mule/ee/dw http://www.mulesoft.org/schema/mule/ee/dw/current/dw.xsd">
    <apikit:config name="reltioserviceapi-config" raml="reltioserviceapi.raml" consoleEnabled="false" doc:name="Router" />
    <flow name="reltioserviceapi-main">
        <http:listener config-ref="reltioserviceapi-httpListenerConfig" path="/api/mdm/company/v1/*" doc:name="HTTP" />
        <apikit:router config-ref="reltioserviceapi-config" doc:name="APIkit Router" />
        <exception-strategy ref="reltioserviceapi-apiKitGlobalExceptionMapping" doc:name="Reference Exception Strategy" />
    </flow>
    <flow name="reltioserviceapi-console">
        <http:listener config-ref="reltioserviceapi-httpListenerConfig" path="/console/*" doc:name="HTTP" />
        <apikit:console config-ref="reltioserviceapi-config" doc:name="APIkit Console" />
    </flow>
    <flow name="post:/companies/search:reltioserviceapi-config">
        <flow-ref name="searchservicepostflow" doc:name="searchservicepostflow" />
    </flow>
    <flow name="post:/companies/submit:reltioserviceapi-config">
        <flow-ref name="submitcompanyPostFlow" doc:name="submitcompanyPostFlow"/>

    </flow>
    <apikit:mapping-exception-strategy name="reltioserviceapi-apiKitGlobalExceptionMapping">
        <apikit:mapping statusCode="404">
            <apikit:exception value="org.mule.module.apikit.exception.NotFoundException" />
            <set-variable value="Resource not found" variableName="exceptionmessage" doc:name="Variable" />
            <flow-ref name="transformation_exception" doc:name="transformation_exception" />
        </apikit:mapping>
        <apikit:mapping statusCode="405">
            <apikit:exception value="org.mule.module.apikit.exception.MethodNotAllowedException" />
            <set-variable value="Method not allowed" variableName="exceptionmessage" doc:name="Variable" />
            <flow-ref name="transformation_exception" doc:name="transformation_exception" />
        </apikit:mapping>
        <apikit:mapping statusCode="406">
            <apikit:exception value="org.mule.module.apikit.exception.NotAcceptableException" />
            <set-variable value="Not acceptable" variableName="exceptionmessage" doc:name="Variable" />
            <flow-ref name="transformation_exception" doc:name="transformation_exception" />
        </apikit:mapping>
        <apikit:mapping statusCode="400">
            <apikit:exception value="org.mule.module.apikit.exception.BadRequestException" />
            <scripting:transformer doc:name="Groovy">
                <scripting:script engine="Groovy"><![CDATA[flowVars.exceptionmessage = exception.getMessage();
int index = exception.getMessage().indexOf('(');
if(index > 0)
{
	flowVars.exceptionmessage = exception.getMessage().substring(0,index);
}]]></scripting:script>
            </scripting:transformer>
            <set-variable value="#[flowVars.exceptionmessage]" variableName="exceptionmessage" doc:name="Variable" />
            <flow-ref name="transformation_exception" doc:name="transformation_exception" />
        </apikit:mapping>
        <apikit:mapping statusCode="500">
            <apikit:exception value="java.lang.Exception" />
            <set-variable variableName="notificationmessage" value="Service - #[message.inboundProperties['http.relative.path']]        Detailed Message:  #[exception.getDetailedMessage()]" doc:name="Variable" />
            <flow-ref name="throwExceptionNotification" doc:name="throwExceptionNotification" />
            <set-variable value="Exception occurred while processing the request. Please try again later. If issue persists, please contact integration support via following link https://optum.secure.force.com/GOSupport/GOSupportRequest ." variableName="exceptionmessage" doc:name="Variable" />
            <flow-ref name="transformation_exception" doc:name="transformation_exception" />
        </apikit:mapping>
        <apikit:mapping statusCode="501">
            <apikit:exception value="esb.CompanyException" />
            <set-variable variableName="exceptionmessage" value="Service - #[message.inboundProperties['http.relative.path']]        Message:  #[exception.getDetailedMessage()]" doc:name="Variable" />

            <flow-ref name="transformation_exception" doc:name="transformation_exception" />
        </apikit:mapping>
    </apikit:mapping-exception-strategy>
</mule>
