{
  "$schema": "http://json-schema.org/draft-06/schema#",
  "type": "object",
  "properties": {
    "type": {
      "type": "string",
      "enum": [
        "Company",
        "Exception"
      ]
    },
    "response": {
      "type": "array",
      "items": {
        "oneOf": [
          {
            "$ref": "Definitions.json#/definitions/exception_def"
          },
          {
            "$ref": "CompanySchema.json"
          }
        ]
      }
    }
  },
  "additionalProperties": false
}