<?xml version="1.0" encoding="UTF-8"?>

<mule xmlns:db="http://www.mulesoft.org/schema/mule/db"
	xmlns:dw="http://www.mulesoft.org/schema/mule/ee/dw" xmlns:http="http://www.mulesoft.org/schema/mule/http" xmlns:tracking="http://www.mulesoft.org/schema/mule/ee/tracking" xmlns="http://www.mulesoft.org/schema/mule/core" xmlns:doc="http://www.mulesoft.org/schema/mule/documentation"
	xmlns:spring="http://www.springframework.org/schema/beans" 
	xmlns:xsi="http://www.w3.org/2001/XMLSchema-instance"
	xsi:schemaLocation="http://www.mulesoft.org/schema/mule/db http://www.mulesoft.org/schema/mule/db/current/mule-db.xsd
http://www.springframework.org/schema/beans http://www.springframework.org/schema/beans/spring-beans-current.xsd
http://www.mulesoft.org/schema/mule/core http://www.mulesoft.org/schema/mule/core/current/mule.xsd
http://www.mulesoft.org/schema/mule/ee/tracking http://www.mulesoft.org/schema/mule/ee/tracking/current/mule-tracking-ee.xsd
http://www.mulesoft.org/schema/mule/http http://www.mulesoft.org/schema/mule/http/current/mule-http.xsd
http://www.mulesoft.org/schema/mule/ee/dw http://www.mulesoft.org/schema/mule/ee/dw/current/dw.xsd">
    <flow name="submitcompanyPostFlow">
        <set-variable variableName="Original_Payload" value="#[payload]" doc:name="Original_Payload"/>
        <set-variable variableName="client_id" value="#[message.inboundProperties.client_id]" doc:name="client_id"/>
        <set-variable variableName="sourceSystem" value="#[payload.sourceIdentifier[0].sourceSystem]" doc:name="sourceSystem"/>
        <flow-ref name="SP_NewBatchID" doc:name="SP_NewBatchID"/>
        <logger level="INFO" doc:name="Logger"/>
    </flow>
    <flow name="SendDataToIntakeTables">
        <logger level="INFO" doc:name="Logger"/>
		<enricher source="#[payload]" target="#[flowVars.OrgRowsUpdated]"
			doc:name="Message Enricher">
			<db:insert config-ref="MIP_DB" doc:name="STD_Organization">
                <db:parameterized-query><![CDATA[insert into MIPdb.cMDMIN.STD_Organization (Source_System, Source_Id, Batch_Id,
Reporting_Name)
Values(#[payload.sourceIdentifier[0].sourceSystem],#[payload.sourceIdentifier[0].id],#[flowVars.BATCHID],
#[payload.name[type='Reporting Name']]
)]]></db:parameterized-query>
			</db:insert>
		</enricher>
        <logger level="INFO" doc:name="Logger"/>
        <choice doc:name="Choice">
            <when expression="">
                <enricher source="#[payload]" target="#[flowVars.OrgRowsUpdated]" doc:name="Message Enricher">
                    <db:insert config-ref="MIP_DB" doc:name="STD_Org_Identifier">
                        <db:parameterized-query><![CDATA[insert into MIPdb.cMDMIN.STD_Org_Identifier (Batch_Id,S ource_System, Source_Id, Identifier_Type, Identifier_Value,  Identifier_Source_System)]]></db:parameterized-query>
                    </db:insert>
                </enricher>
            </when>
            <otherwise>
                <logger level="INFO" doc:name="Logger"/>
            </otherwise>
        </choice>
        <logger level="INFO" doc:name="Logger"/>
        <choice doc:name="Choice">
            <when expression="">
                <enricher source="#[payload]" target="#[flowVars.OrgRowsUpdated]" doc:name="Message Enricher">
                    <db:insert config-ref="MIP_DB" doc:name="STD_Org_Phone">
                        <db:parameterized-query><![CDATA[insert into MIPdb.cMDMIN.STD_Org_Phone (Batch_Id,S ource_System, Source_Id)]]></db:parameterized-query>
                    </db:insert>
                </enricher>
            </when>
            <otherwise>
                <logger level="INFO" doc:name="Logger"/>
            </otherwise>
        </choice>
        <logger level="INFO" doc:name="Logger"/>
    </flow>
    <flow name="SP_NewBatchID">
        <dw:transform-message doc:name="Transform Message">
            <dw:set-payload><![CDATA[%dw 1.0
%output application/json
---
{
	 "BatchType" : "API", 
	 "Account" : flowVars.client_id,
	 "SourceType" : flowVars.sourceSystem
}]]></dw:set-payload>
        </dw:transform-message>
        <http:request config-ref="ReltioDomain_HTTP_Request_Configuration" path="/getbatchid" method="POST" doc:name="HTTP"/>
        <set-variable variableName="BATCHID" value="#[payload.BATCHID]" doc:name="BATCHID"/>
        <set-variable variableName="BATCHID_CALLSTATUS" value="#[payload.CALLSTATUS]" doc:name="BATCHID_CALLSTATUS"/>
        <catch-exception-strategy doc:name="Catch Exception Strategy">
            <logger level="INFO" doc:name="Logger"/>
        </catch-exception-strategy>
    </flow>
</mule>
