<?xml version="1.0" encoding="UTF-8"?>

<mule xmlns:tracking="http://www.mulesoft.org/schema/mule/ee/tracking" xmlns:http="http://www.mulesoft.org/schema/mule/http"
	xmlns:vm="http://www.mulesoft.org/schema/mule/vm"
	xmlns="http://www.mulesoft.org/schema/mule/core" xmlns:doc="http://www.mulesoft.org/schema/mule/documentation" xmlns:spring="http://www.springframework.org/schema/beans" xmlns:db="http://www.mulesoft.org/schema/mule/db" xmlns:dw="http://www.mulesoft.org/schema/mule/ee/dw" xmlns:core="http://www.mulesoft.org/schema/mule/core" xmlns:xsi="http://www.w3.org/2001/XMLSchema-instance" xsi:schemaLocation="http://www.mulesoft.org/schema/mule/http http://www.mulesoft.org/schema/mule/http/current/mule-http.xsd
http://www.mulesoft.org/schema/mule/vm http://www.mulesoft.org/schema/mule/vm/current/mule-vm.xsd
http://www.springframework.org/schema/beans http://www.springframework.org/schema/beans/spring-beans-current.xsd
http://www.mulesoft.org/schema/mule/db http://www.mulesoft.org/schema/mule/db/current/mule-db.xsd
http://www.mulesoft.org/schema/mule/ee/dw http://www.mulesoft.org/schema/mule/ee/dw/current/dw.xsd
http://www.mulesoft.org/schema/mule/core http://www.mulesoft.org/schema/mule/core/current/mule.xsd
http://www.mulesoft.org/schema/mule/ee/tracking http://www.mulesoft.org/schema/mule/ee/tracking/current/mule-tracking-ee.xsd">
    <sub-flow name="SP_NewBatchID">
        <dw:transform-message doc:name="Transform Message">
            <dw:set-payload><![CDATA[%dw 1.0
%output application/json
---
{
	 "BatchType" : flowVars.batchType, 
	 "Account" : flowVars.client_id,
	 "SourceType" : flowVars.sourceSystem
}]]></dw:set-payload>
        </dw:transform-message>
        <http:request config-ref="ReltioDomain_HTTP_Request_Configuration" path="/getbatchid" method="POST" doc:name="HTTP-GetBatchID"/>
        <choice doc:name="Choice-BATCHID">
            <when expression="#[payload.BATCHID &lt;= 0]">
                <set-variable variableName="ErrorExceptionInfo" value="SP_NewBatchID Error ==&gt; #[payload.BATCHID] : #[payload.CALLSTATUS]" doc:name="ErrorExceptionData"/>
                <flow-ref name="ThrowCompanyException" doc:name="ThrowCompanyException"/>

            </when>
            <otherwise>
                <expression-component doc:name="BATCHID_And_CALLSTATUS"><![CDATA[flowVars.BATCHID=payload.BATCHID;
flowVars.BATCHID_CALLSTATUS=payload.CALLSTATUS;]]></expression-component>

            </otherwise>
        </choice>

    </sub-flow>
    <sub-flow name="STD_Organization_Insert">
        <choice doc:name="Choice">
            <when expression="#[flowVars.STD_Organization != null]">
                <set-payload value="#[flowVars.STD_Organization]" doc:name="Set Payload"/>
                <enricher source="#[payload]" target="#[flowVars.DBInsertResponse]" doc:name="Message Enricher">
                    <db:insert config-ref="MIP_DB" doc:name="STD_Organization" bulkMode="true">
                        <db:parameterized-query><![CDATA[insert into MIPdb.cMDMIN.STD_Organization (Source_System, Source_Id, Batch_Id, Reporting_Name, Legal_Name, Doing_Business_As_Name,
DUNS_Number, Domestic_Ultimate_DUNS, Headquarter_DUNS, Parent_DUNS, Global_Ultimate_DUNS,
Phys_Address_Line1, Phys_Address_Line2, Phys_City, Phys_State_Province, Phys_Zip, Phys_Country, Phys_Building, Phys_Street,
Mail_Address_Line1, Mail_Address_Line2, Mail_City, Mail_State_Province, Mail_Zip, Mail_Country, Mail_Building, Mail_Street,
Established_Date, Total_Employee_Count,
Estimated_Annual_Revenue, Currency_Type_Code, Public_Private_Indicator, Small_Business_Indicator, 
Local_Employee_Count, Minority_Owned_Indicator, Minority_Type, Women_Owned_Indicator, 
Legal_Status_Code, Manufacturing_Indicator, Subsidiary_Indicator, Website_URL)
 Values (
#[payload.Source_System], #[payload.Source_Id], #[payload.Batch_Id], #[payload.Reporting_Name], #[payload.Legal_Name], #[payload.Doing_Business_As_Name],
#[payload.DUNS_Number], #[payload.Domestic_Ultimate_DUNS], #[payload.Headquarter_DUNS], #[payload.Parent_DUNS], #[payload.Global_Ultimate_DUNS],
#[payload.Phys_Address_Line1], #[payload.Phys_Address_Line2], #[payload.Phys_City], #[payload.Phys_State_Province], #[payload.Phys_Zip], #[payload.Phys_Country], #[payload.Phys_Building], #[payload.Phys_Street],
#[payload.Mail_Address_Line1], #[payload.Mail_Address_Line2], #[payload.Mail_City], #[payload.Mail_State_Province], #[payload.Mail_Zip], #[payload.Mail_Country], #[payload.Mail_Building], #[payload.Mail_Street],
#[payload.Established_Date], #[payload.Total_Employee_Count],
#[payload.Estimated_Annual_Revenue], #[payload.Currency_Type_Code], #[payload.Public_Private_Indicator], #[payload.Small_Business_Indicator], #[payload.Local_Employee_Count], #[payload.Minority_Owned_Indicator], #[payload.Minority_Type], #[payload.Women_Owned_Indicator], 
#[payload.Legal_Status_Code], #[payload.Manufacturing_Indicator], #[payload.Subsidiary_Indicator], #[payload.Website_URL])]]></db:parameterized-query>
                    </db:insert>
                </enricher>
            </when>
            <otherwise>
                <set-variable variableName="DBInsertResponse" value="-1" doc:name="Variable"/>
            </otherwise>
        </choice>
    </sub-flow>
    <sub-flow name="STD_Org_Identifier_Insert">
        <choice doc:name="Choice">
            <when expression="#[flowVars.STD_Org_Identifier != null]">
                <set-payload value="#[flowVars.STD_Org_Identifier]" doc:name="Set Payload"/>
                <enricher source="#[payload]" target="#[flowVars.DBInsertResponse]" doc:name="Message Enricher">
                    <db:insert config-ref="MIP_DB" bulkMode="true" doc:name="STD_Org_Identifier">
                        <db:parameterized-query><![CDATA[insert into MIPdb.cMDMIN.STD_Org_Identifier (Source_System, Source_Id, Batch_Id, 
Identifier_Type, Identifier_Value, Identifier_Source_System, Identifier_Desc)
Values (#[payload.Source_System], #[payload.Source_Id],#[payload.Batch_Id],
#[payload.Identifier_Type], #[payload.Identifier_Value],#[payload.Identifier_Source_System],#[payload.Identifier_Desc])]]></db:parameterized-query>
                    </db:insert>
                </enricher>
            </when>
            <otherwise>
                <set-variable variableName="DBInsertResponse" value="-1" doc:name="Variable"/>
            </otherwise>
        </choice>
    </sub-flow>
    <sub-flow name="STD_Org_Phone_Insert">
        <choice doc:name="Choice">
            <when expression="#[flowVars.STD_Org_Phone != null]">
                <set-payload value="#[flowVars.STD_Org_Phone]" doc:name="Set Payload"/>
                <enricher source="#[payload]" target="#[flowVars.DBInsertResponse]" doc:name="Message Enricher">
                    <db:insert config-ref="MIP_DB" bulkMode="true" doc:name="STD_Org_Phone">
                        <db:parameterized-query><![CDATA[insert into MIPdb.cMDMIN.STD_Org_Phone (Source_System, Source_Id, Batch_Id, 
Phone_Type, Country_Code, Area_Code, Exchange, Number, Extension, Standard_Indicator)
Values (#[payload.Source_System],#[payload.Source_Id],#[payload.Batch_Id],
#[payload.Phone_Type],#[payload.Country_Code],#[payload.Area_Code],#[payload.Exchange],#[payload.Number],
#[payload.Extension],#[payload.Standard_Indicator])]]></db:parameterized-query>
                    </db:insert>
                </enricher>
            </when>
            <otherwise>
                <set-variable variableName="DBInsertResponse" value="-1" doc:name="Variable"/>
            </otherwise>
        </choice>
    </sub-flow>
    <flow name="InvokeFlush">
        <vm:inbound-endpoint exchange-pattern="one-way" path="InvokeFlush" connector-ref="ESBVM" doc:name="VM"/>
        <expression-component doc:name="Expression"><![CDATA[flowVars.BATCHID=payload.BATCHID;]]></expression-component>
        <http:request config-ref="ReltioDomain_HTTP_Request_Configuration" path="/flushbatch" method="GET" doc:name="HTTP-FlushBatch">
            <http:request-builder>
                <http:query-param paramName="batchid" value="#[payload.BATCHID]"/>
                <http:query-param paramName="batchtype" value="FULL"/>
                <http:query-param paramName="batchsize" value="1"/>
            </http:request-builder>
        </http:request>
        <dw:transform-message doc:name="Transform Message">
            <dw:set-payload><![CDATA[%dw 1.0
%output application/java
---
payload]]></dw:set-payload>
        </dw:transform-message>
        <choice doc:name="Choice-ExceptionMsg">
            <when expression="#[payload.ExceptionMsg != null]">
                <set-variable variableName="ErrorExceptionInfo" value="FlushBatch Error ==&gt; Batch ID = #[flowVars.BATCHID] , Message = #[payload.ExceptionMsg]" doc:name="ErrorExceptionInfo"/>
                <flow-ref name="ThrowCompanyException" doc:name="ThrowCompanyException"/>
            </when>
            <otherwise>
                <logger message="For BatchID #[flowVars.BATCHID] FlushBatch executed successfully" level="INFO" doc:name="Logger"/>
            </otherwise>
        </choice>
        <catch-exception-strategy doc:name="Catch Exception Strategy">
            <logger message="*****Error***** : InvokeFlush for BatchID #[flowVars.BATCHID]" level="INFO" doc:name="Logger"/>
        </catch-exception-strategy>
    </flow>
    <flow name="UpdateAPICallStatus">
        <vm:inbound-endpoint exchange-pattern="one-way" path="updateAPICallStatus" connector-ref="ESBVM" doc:name="VM"/>
        <db:update config-ref="MIP_DB" doc:name="Database">
            <db:parameterized-query><![CDATA[Update MIPdb.cMDMIN.STD_Org_Status set API_Call_Status = #[payload.API_Call_Status]
Where Batch_Id = #[payload.Batch_Id]]]></db:parameterized-query>
        </db:update>
        <catch-exception-strategy doc:name="Catch Exception Strategy">
            <logger message="*****Error***** : UpdateAPICallStatus for BatchID #[payload.Batch_Id]" level="INFO" doc:name="Logger"/>
        </catch-exception-strategy>
    </flow>
    <sub-flow name="QueryMDMPrepForCompany">
        <db:select config-ref="MIP_DB" doc:name="Database">
            <db:parameterized-query><![CDATA[SELECT *
FROM [MIPdb].[cMDMPREP].[v_M2API]
where Batch_Id = #[flowVars.BATCHID]]]></db:parameterized-query>
        </db:select>
    </sub-flow>
</mule>
