<?xml version="1.0" encoding="UTF-8"?>

<mule xmlns:json="http://www.mulesoft.org/schema/mule/json"
	xmlns:tracking="http://www.mulesoft.org/schema/mule/ee/tracking" xmlns:scripting="http://www.mulesoft.org/schema/mule/scripting" xmlns:dw="http://www.mulesoft.org/schema/mule/ee/dw"
	xmlns:vm="http://www.mulesoft.org/schema/mule/vm"
	xmlns:reltio="http://www.mulesoft.org/schema/mule/reltio" xmlns:http="http://www.mulesoft.org/schema/mule/http" xmlns="http://www.mulesoft.org/schema/mule/core" xmlns:doc="http://www.mulesoft.org/schema/mule/documentation"
	xmlns:spring="http://www.springframework.org/schema/beans" 
	xmlns:xsi="http://www.w3.org/2001/XMLSchema-instance"
	xsi:schemaLocation="http://www.mulesoft.org/schema/mule/json http://www.mulesoft.org/schema/mule/json/current/mule-json.xsd
http://www.springframework.org/schema/beans http://www.springframework.org/schema/beans/spring-beans-current.xsd
http://www.mulesoft.org/schema/mule/http http://www.mulesoft.org/schema/mule/http/current/mule-http.xsd
http://www.mulesoft.org/schema/mule/reltio http://www.mulesoft.org/schema/mule/reltio/current/mule-reltio.xsd
http://www.mulesoft.org/schema/mule/vm http://www.mulesoft.org/schema/mule/vm/current/mule-vm.xsd
http://www.mulesoft.org/schema/mule/ee/dw http://www.mulesoft.org/schema/mule/ee/dw/current/dw.xsd
http://www.mulesoft.org/schema/mule/core http://www.mulesoft.org/schema/mule/core/current/mule.xsd
http://www.mulesoft.org/schema/mule/scripting http://www.mulesoft.org/schema/mule/scripting/current/mule-scripting.xsd
http://www.mulesoft.org/schema/mule/ee/tracking http://www.mulesoft.org/schema/mule/ee/tracking/current/mule-tracking-ee.xsd">
    <flow name="searchservicepostflow">
        <json:validate-schema schemaLocation="SearchCompanyRequest.json" doc:name="Validate Json Schema" doc:description="SampleSchema.json http://localhost:8081/json { &quot;Name&quot; : { &quot;firstName&quot;: &quot;Mehul&quot;, &quot;firstName&quot;: &quot;MehulOne&quot;, &quot;lastName&quot; : &quot;Raol&quot;, &quot;lastName&quot; : &quot;RaolOne&quot;, &quot;firstName&quot;: &quot;MehulTwo&quot; }, &quot;Age&quot; : 30, &quot;Age&quot; : 30, &quot;Note&quot;: [&quot;ABC&quot;,&quot;XYZ&quot;] }  
request.jon [ {&quot;param&quot; : &quot;Name&quot;,&quot;value&quot; : &quot;Company Name&quot;,&quot;rule&quot; : &quot;equals&quot; },{&quot;param&quot; : &quot;AddressLine1&quot;,&quot;value&quot; : &quot;Street Name&quot;,&quot;rule&quot; : &quot;fullText&quot;}]"/>

        <json:json-to-object-transformer returnClass="java.util.ArrayList" doc:name="JSON to Object"/>
        <scripting:component doc:name="Groovy-Build filterstring">
            <scripting:script engine="Groovy"><![CDATA[java.util.HashMap<String, String> paramsMap = new java.util.HashMap<String, String>(){{
	put("NAME","attributes.Name.Name");
	put("ADDRESSLINE1","attributes.Address.AddressLine1");
	put("CITY","attributes.Address.City");
	put("STATE","attributes.Address.StateProvince");
	put("ZIP","attributes.Address.Zip.Zip5");
	put("SOURCECODE","attributes.SourceIdentifiers.SourceSystem");
	put("SOURCEID","attributes.SourceIdentifiers.ID");
}};
java.util.HashMap<String, String> rulesMap = new java.util.HashMap<String, String>(){{
	put("EQUALS","equals"); put("FULLTEXT","fullText"); put("STARTSWITH","startsWith");
	put("NOTEQUALS","not equals"); put("REGEXP","regexp"); put("CONTAINS","contains");
	put("IN","in"); 
}};
boolean andFlag = false;
String querystring = "";
for(Object current:payload){
	if(current.param==null || current.param=="" || current.rule==null || current.rule=="")
		throw new org.mule.module.apikit.exception.NotAcceptableException();
	else if(current.value==null || current.value=="")
		continue;
	String paramVal = paramsMap.get(current.param.toUpperCase().trim());
	String ruleVal = rulesMap.get(current.rule.toUpperCase().trim());
	if(paramVal==null || ruleVal==null)
		throw new org.mule.module.apikit.exception.NotAcceptableException();
	andFlag ? (querystring += " AND ") : (andFlag = true);
	querystring += ruleVal + "(" + paramVal + ",'" + current.value +"')";
}
flowVars.filterstring = querystring;
return payload;]]></scripting:script>
        </scripting:component>
        <reltio:get-entities config-ref="Reltio__Configuration" doc:name="Reltio" entityType="configuration/entityTypes/Company">
        <reltio:entity filter="#[flowVars.filterstring]" max="${reltio.defaultMaxResultRows}" returnInactive="true"/>
            <reltio:options ovOnly="true"/>
        </reltio:get-entities>
        <dw:transform-message doc:name="Transform Response to CompanySchema">
            <dw:set-payload><![CDATA[%dw 1.0
%output application/java
---
payload map ((payload01 , indexOfPayload01) -> {
	eid: payload01.uri when payload01.uri != null  otherwise null,
	name: payload01.attributes.Name map ((name , indexOfName) -> {
			type: name.value.Type[0].value as :string  when name.value.Type.value != null otherwise null,
			name: name.value.Name[0].value as :string when name.value.Name.value != null otherwise null
		}) when payload01.attributes.Name != null otherwise null,
	identifiers: payload01.attributes.Identifiers map ((identifiers , indexOfIdentifiers) -> {
			type: identifiers.value.Type[0].value as :string  when identifiers.value.Type.value != null otherwise null,
			id: identifiers.value.ID[0].value as :string when identifiers.value.ID.value != null otherwise null,
			sourceSystem: identifiers.value.IdentifierSource[0].value as :string when identifiers.value.IdentifierSource.value != null otherwise null,
			description: identifiers.value.Description[0].value as :string when identifiers.value.Description.value != null otherwise null
		}) when payload01.attributes.Identifiers != null otherwise null,
	sourceIdentifiers: payload01.attributes.SourceIdentifiers map ((sourceIdentifiers , indexOfSourceIdentifiers) -> {
			id: sourceIdentifiers.value.ID[0].value as :string  when sourceIdentifiers.value.ID.value != null otherwise null,
			sourceSystem: sourceIdentifiers.value.SourceSystem[0].value as :string when sourceIdentifiers.value.SourceSystem.value != null otherwise null
		}) when payload01.attributes.SourceIdentifiers != null otherwise null,
	industry: payload01.attributes.Industry map ((industry , indexOfIndustry) -> {
			code: industry.value.Code[0].value as :string  when industry.value.Code.value != null otherwise null,
			id: industry.value.ID[0].value as :string when industry.value.ID.value != null otherwise null,
			description: industry.value.Description[0].value as :string  when industry.value.Description.value != null otherwise null,
			sourceType: industry.value.SourceType[0].value as :string when industry.value.SourceType.value != null otherwise null
		}) when payload01.attributes.Industry != null otherwise null,
	address:{ physicalAddress: payload01.attributes.PhysicalAddress map ((physicalAddress , indexOfPhysicalAddress) -> {
			addressLine1: physicalAddress.value.AddressLine1[0].value as :string when physicalAddress.value.AddressLine1.value != null otherwise null,
			addressLine2: physicalAddress.value.AddressLine2[0].value as :string when physicalAddress.value.AddressLine2.value != null otherwise null,
			city: physicalAddress.value.City[0].value as :string when physicalAddress.value.City.value != null otherwise null,
			stateProvince: physicalAddress.value.StateProvince[0].value as :string when physicalAddress.value.StateProvince.value != null otherwise null,
			zip: physicalAddress.value.Zip[0].value.Zip5[0].value as :string when physicalAddress.value.Zip != null and physicalAddress.value.Zip[0].value.Zip5 != null otherwise null,
			geoLocation: {
			longitude: physicalAddress.value.GeoLocation[0].value.Longitude[0].value as :string when physicalAddress.value.GeoLocation != null and physicalAddress.value.GeoLocation[0].value.Longitude != null otherwise null,
			latitude: physicalAddress.value.GeoLocation[0].value.Latitude[0].value as :string when physicalAddress.value.GeoLocation != null and physicalAddress.value.GeoLocation[0].value.Latitude != null otherwise null
			},
			country: physicalAddress.value.Country[0].value as :string when physicalAddress.value.Country.value != null otherwise null,
			building: physicalAddress.value.Building[0].value as :string when physicalAddress.value.Building.value != null otherwise null,
			street: physicalAddress.value.Street[0].value as :string when physicalAddress.value.Street.value != null otherwise null
		}) when payload01.attributes.PhysicalAddress != null  otherwise null,
	mailingAddress:	payload01.attributes.MailingAddress map ((mailingAddress , indexOfMailingAddress) -> {
			addressLine1: mailingAddress.value.AddressLine1[0].value as :string when mailingAddress.value.AddressLine1.value != null otherwise null,
			addressLine2: mailingAddress.value.AddressLine2[0].value as :string when mailingAddress.value.AddressLine2.value != null otherwise null,
			city: mailingAddress.value.City[0].value as :string when mailingAddress.value.City.value != null otherwise null,
			stateProvince: mailingAddress.value.StateProvince[0].value as :string when mailingAddress.value.StateProvince.value != null otherwise null,
			zip: mailingAddress.value.Zip[0].value.Zip5[0].value as :string when mailingAddress.value.Zip != null and mailingAddress.value.Zip[0].value.Zip5 != null otherwise null,
			geoLocation: {
			longitude: mailingAddress.value.GeoLocation[0].value.Longitude[0].value as :string when mailingAddress.value.GeoLocation != null and mailingAddress.value.GeoLocation[0].value.Longitude != null otherwise null,
			latitude: mailingAddress.value.GeoLocation[0].value.Latitude[0].value as :string when mailingAddress.value.GeoLocation != null and mailingAddress.value.GeoLocation[0].value.Latitude != null otherwise null
			},
			country: mailingAddress.value.Country[0].value as :string when mailingAddress.value.Country.value != null otherwise null,
			building: mailingAddress.value.Building[0].value as :string when mailingAddress.value.Building.value != null otherwise null,
			street: mailingAddress.value.Street[0].value as :string when mailingAddress.value.Street.value != null otherwise null
		}) when payload01.attributes.MailingAddress != null otherwise null},
	phone: payload01.attributes.Phone map ((phone , indexOfPhone) -> {
			type: phone.value.Type[0].value as :string when phone.value.Type.value != null otherwise null,
			number: phone.value.Number[0].value as :string when phone.value.Number.value != null otherwise null,
			extension: phone.value.Extension[0].value as :string when phone.value.Extension.value != null otherwise null,
			countryCode: phone.value.CountryCode[0].value as :string when phone.value.CountryCode.value != null otherwise null,
			areaCode: phone.value.AreaCode[0].value as :string when phone.value.AreaCode.value != null otherwise null,
			exchangeNumber: phone.value.ExchangeNumber[0].value as :string when phone.value.ExchangeNumber.value != null otherwise null,
			standardIndicator: phone.value.StandardIndicator[0].value as :string when phone.value.StandardIndicator.value != null otherwise null,
			sourceType: phone.value.SourceType[0].value as :string when phone.value.SourceType.value != null otherwise null
		}) when payload01.attributes.Phone != null otherwise null,
	dunsNumber: payload01.attributes.DUNSNumber map ((dunssnumber , indexOfDunssnumber) -> {
			type: dunssnumber.value.Type[0].value as :string  when dunssnumber.value.Type.value != null otherwise null,
			id: dunssnumber.value.ID[0].value as :string when dunssnumber.value.ID.value != null otherwise null
		}) when payload01.attributes.DUNSNumber != null otherwise null,
	totalEmployeeCount: payload01.attributes.TotalEmployeeCount[0].value as :number when payload01.attributes.TotalEmployeeCount != null otherwise 0,
	estimatedAnnualRevenue: payload01.attributes.EstimatedAnnualRevenue[0].value as :number when payload01.attributes.EstimatedAnnualRevenue != null otherwise 0.0,
	currencyTypeCode: payload01.attributes.CurrencyTypeCode[0].value when payload01.attributes.CurrencyTypeCode != null otherwise null,
	publicPrivateIndicator: payload01.attributes.PublicPrivateIndicator[0].value when payload01.attributes.PublicPrivateIndicator != null otherwise null,
	//employeelocationCount: payload01.attributes.EmployeelocationCount[0].value as :number when payload01.attributes.EmployeelocationCount != null otherwise 0,
	localEmployeeCount: payload01.attributes.LocalEmployeeCount[0].value as :number when payload01.attributes.LocalEmployeeCount != null otherwise 0,
	smallBusinessIndicator: payload01.attributes.SmallBusinessIndicator[0].value when payload01.attributes.SmallBusinessIndicator != null otherwise null,
	legalStatusCode: payload01.attributes.LegalStatusCode[0].value when payload01.attributes.LegalStatusCode != null otherwise null,
	manufacturingIndicator: payload01.attributes.ManufacturingIndicator[0].value when payload01.attributes.ManufacturingIndicator != null otherwise null,
	subsidiaryIndicator: payload01.attributes.SubsidiaryIndicator[0].value when payload01.attributes.SubsidiaryIndicator != null otherwise null,
	websiteURL: payload01.attributes.WebsiteURL[0].value when payload01.attributes.WebsiteURL != null otherwise null,
	minorityOwnIndicator: payload01.attributes.MinorityOwnIndicator[0].value when payload01.attributes.MinorityOwnIndicator != null otherwise null,
	minorityType: payload01.attributes.MinorityType[0].value when payload01.attributes.MinorityType != null otherwise null,
	womenOwnedIndicator: payload01.attributes.WomenOwnedIndicator[0].value when payload01.attributes.WomenOwnedIndicator != null otherwise null,
	establishedDate: payload01.attributes.EstablishedDate[0].value when payload01.attributes.EstablishedDate != null otherwise null,
//	champion: {
//		eid: payload01.attributes.ChampionHierarchyParent[0].refEntity.objectURI when payload01.attributes.ChampionHierarchyParent[0].refEntity.objectURI != null otherwise null,
//		name:  payload01.attributes.ChampionHierarchyParent[0].value.Name[0].value.Name[0].value when payload01.attributes.ChampionHierarchyParent[0].value.Name != null and payload01.attributes.ChampionHierarchyParent[0].value.Name[0].value.Name != null otherwise null
//	} when payload01.attributes.ChampionHierarchyParent != null otherwise null,
	companyGroup: payload01.attributes.CompanyGroup map ((companygroup , indexOfCompanyGroup) -> {
	name: companygroup.value.Name[0].value
	}) when payload01.attributes.CompanyGroup != null otherwise null
})]]></dw:set-payload>
        </dw:transform-message>
        
        
        <dw:transform-message doc:name="Set Response Message">
            <dw:set-payload><![CDATA[%dw 1.0
%output application/json skipNullOn = "everywhere"
---
{
	"type": "Company",
	"response": payload
}
			]]></dw:set-payload>
        </dw:transform-message>
        
    </flow>
</mule>
