<?xml version="1.0" encoding="UTF-8"?>

<mule xmlns:http="http://www.mulesoft.org/schema/mule/http" xmlns="http://www.mulesoft.org/schema/mule/core" xmlns:doc="http://www.mulesoft.org/schema/mule/documentation"
	xmlns:spring="http://www.springframework.org/schema/beans" 
	xmlns:xsi="http://www.w3.org/2001/XMLSchema-instance"
	xsi:schemaLocation="http://www.springframework.org/schema/beans http://www.springframework.org/schema/beans/spring-beans-current.xsd
http://www.mulesoft.org/schema/mule/core http://www.mulesoft.org/schema/mule/core/current/mule.xsd
http://www.mulesoft.org/schema/mule/http http://www.mulesoft.org/schema/mule/http/current/mule-http.xsd">
    <flow name="tempFlow">
        <http:listener config-ref="reltioserviceapi-httpListenerConfig" path="/testcall" doc:name="HTTP"/>
        <expression-component doc:name="Expression"><![CDATA[flowVars.BATCHID=message.inboundProperties.'http.query.params'.batchid;]]></expression-component>
        <flow-ref name="FlushBatch" doc:name="FlushBatch"/>
        <flow-ref name="ReltioCreateCompany" doc:name="ReltioCreateCompany"/>
        <set-payload value="#[message.payloadAs(java.lang.String)]" doc:name="Set Payload"/>
        <logger level="INFO" doc:name="Logger"/>
    </flow>
</mule>
