<?xml version="1.0" encoding="UTF-8"?>

<mule xmlns:vm="http://www.mulesoft.org/schema/mule/vm"
	xmlns:dw="http://www.mulesoft.org/schema/mule/ee/dw"
	xmlns="http://www.mulesoft.org/schema/mule/core" xmlns:doc="http://www.mulesoft.org/schema/mule/documentation" xmlns:spring="http://www.springframework.org/schema/beans" xmlns:json="http://www.mulesoft.org/schema/mule/json" xmlns:scripting="http://www.mulesoft.org/schema/mule/scripting" xmlns:core="http://www.mulesoft.org/schema/mule/core" xmlns:xsi="http://www.w3.org/2001/XMLSchema-instance" xsi:schemaLocation="
http://www.mulesoft.org/schema/mule/vm http://www.mulesoft.org/schema/mule/vm/current/mule-vm.xsd http://www.mulesoft.org/schema/mule/ee/dw http://www.mulesoft.org/schema/mule/ee/dw/current/dw.xsd
http://www.springframework.org/schema/beans http://www.springframework.org/schema/beans/spring-beans-current.xsd
http://www.mulesoft.org/schema/mule/json http://www.mulesoft.org/schema/mule/json/current/mule-json.xsd
http://www.mulesoft.org/schema/mule/scripting http://www.mulesoft.org/schema/mule/scripting/current/mule-scripting.xsd
http://www.mulesoft.org/schema/mule/core http://www.mulesoft.org/schema/mule/core/current/mule.xsd">
    <configuration doc:name="Configuration">
        <expression-language> 
            <import class="org.apache.commons.lang.RandomStringUtils"/>  
            <global-functions>
			def randomAlphanumeric(len){
				return RandomStringUtils.randomAlphanumeric(len);
			}
            </global-functions> 
        </expression-language>
    </configuration>
    <sub-flow name="ThrowCompanyException">
        <logger message="**CompanyException** : #[flowVars.ErrorExceptionInfo]" level="INFO" doc:name="Logger"/>
        <scripting:component doc:name="Groovy">
            <scripting:script engine="Groovy"><![CDATA[throw new esb.CompanyException(flowVars.ErrorExceptionInfo);
]]></scripting:script>
        </scripting:component>
    </sub-flow>
    <sub-flow name="CreateErrorExceptionInfo">
        <scripting:component doc:name="Groovy">
            <scripting:script engine="Groovy"><![CDATA[import java.util.regex.*;
StringBuffer errorExceptionInfo=new StringBuffer(flowVars.errorMessage!=null ? flowVars.errorMessage : "");
boolean foundMatchingInfo = false;
if(exception.message!=null && exception.message.length()>0){
	Pattern pattern = Pattern.compile("error[^\"\\n\\r].*|instance:[^\"\\n\\r].*");
	Matcher matcher = pattern.matcher(exception.message);
	while(matcher.find()){
		errorExceptionInfo.append(" "+matcher.group());
		foundMatchingInfo = true;
	}
}
if(!foundMatchingInfo){
	if(flowVars.exceptionCauseMessage!=null){
		errorExceptionInfo.append(flowVars.exceptionCauseMessage);
	}
	else{
		errorExceptionInfo.append(exception.message);
	}
}
flowVars.ErrorExceptionInfo = errorExceptionInfo.toString();
flowVars.errorMessage = null;
flowVars.exceptionCauseMessage = null;
return payload;]]></scripting:script>
        </scripting:component>
    </sub-flow>
    <flow name="ValidatePayloadWithCompanySchema">
        <json:validate-schema schemaLocation="Schemas/CompanySchema.json" doc:name="Validate JSON Schema"/>
        <catch-exception-strategy doc:name="Catch Exception Strategy">
            <set-variable variableName="errorMessage" value="#['Exception was found while trying to validate json schema. ']" doc:name="errorMessage"/>
            <set-variable variableName="exceptionCauseMessage" value="#[exception.Cause != null ? (exception.Cause.cause !=null ? (exception.Cause.cause.getMessage()) : null) : null]" doc:name="exceptionCauseMessage"/>
            <flow-ref name="CreateErrorExceptionInfo" doc:name="CreateErrorExceptionInfo"/>

</catch-exception-strategy>
    </flow>
    <flow name="throwExceptionNotification">
        <scripting:component doc:name="Groovy">
            <scripting:script engine="Groovy"><![CDATA[throw new esb.ExceptionNotification(flowVars.notificationMessage);]]></scripting:script>
        </scripting:component>
        <catch-exception-strategy doc:name="Catch Exception Strategy">
            <logger message="*****Error***** : exception occurred: notification message: #[flowVars.notificationMessage]" level="INFO" doc:name="Logger"/>
        </catch-exception-strategy>
    </flow>
	<sub-flow name="createErrorMessage">
		<dw:transform-message doc:name="Transform Message">
			<dw:set-payload><![CDATA[%dw 1.0
%output application/json skipNullOn = "everywhere"
---
{
"status": flowVars.status,
"message": flowVars.statusMessage
}]]></dw:set-payload>
		</dw:transform-message>
	</sub-flow>
    <sub-flow name="FlushBatch">
        <set-payload value="#[['BATCHID':flowVars.BATCHID]]" doc:name="Set VM Payload"/>
        <vm:outbound-endpoint exchange-pattern="one-way" path="InvokeFlush" connector-ref="ESBVM" doc:name="VM-InvokeFlush"/>
    </sub-flow>
	
</mule>
