<?xml version="1.0" encoding="UTF-8"?>
<domain:mule-domain xmlns="http://www.mulesoft.org/schema/mule/core"
	xmlns:domain="http://www.mulesoft.org/schema/mule/ee/domain" xmlns:xsi="http://www.w3.org/2001/XMLSchema-instance"
	xmlns:spring="http://www.springframework.org/schema/beans" xmlns:doc="http://www.mulesoft.org/schema/mule/documentation"
	xmlns:http="http://www.mulesoft.org/schema/mule/http" xmlns:db="http://www.mulesoft.org/schema/mule/db"
	xmlns:vm="http://www.mulesoft.org/schema/mule/vm"
	xmlns:context="http://www.springframework.org/schema/context"

	xsi:schemaLocation="http://www.mulesoft.org/schema/mule/core http://www.mulesoft.org/schema/mule/core/current/mule.xsd
http://www.springframework.org/schema/beans http://www.springframework.org/schema/beans/spring-beans-current.xsd
http://www.mulesoft.org/schema/mule/ee/domain http://www.mulesoft.org/schema/mule/ee/domain/current/mule-domain-ee.xsd
http://www.mulesoft.org/schema/mule/http http://www.mulesoft.org/schema/mule/http/current/mule-http.xsd
http://www.mulesoft.org/schema/mule/db http://www.mulesoft.org/schema/mule/db/current/mule-db.xsd
http://www.mulesoft.org/schema/mule/vm http://www.mulesoft.org/schema/mule/vm/current/mule-vm.xsd
http://www.springframework.org/schema/context http://www.springframework.org/schema/context/spring-context-current.xsd">

    <context:property-placeholder location="${mule.env}Domain.properties" />

	<!-- configure here resource to be shared within the domain -->

	<vm:connector name="ESBVM" validateConnections="true"
		doc:name="VM" />

	<http:listener-config name="reltioserviceapi-httpListenerConfig"
		host="0.0.0.0" port="8081" doc:name="HTTP Listener Configuration" />

	<spring:beans>
		<!-- MIP DB Properties -->
		<spring:bean name="MIPDB" class="org.enhydra.jdbc.standard.StandardDataSource" id="MIPDB">
			<spring:property name="driverName" value="${mssql.jdbc.driverName}" />
			<spring:property name="url" value="${MIP.jdbc.url}" />
			<spring:property name="user" value="${MIP.jdbc.user}" />
			<spring:property name="password" value="${MIP.jdbc.password}" />
		</spring:bean>
	</spring:beans>
	<db:generic-config name="MIP_DB" doc:name="MIP DB" dataSource-ref="MIPDB" />

	<!-- RELTIO DOMAIN Properties -->
	<vm:connector doc:name="VM" name="ReltioDomain_ReltioVM"
		validateConnections="true" />
	<http:request-config doc:name="HTTP Request Configuration"
		name="ReltioDomain_HTTP_Request_Configuration" port="8086" host="0.0.0.0" responseTimeout="180000"/>
</domain:mule-domain>