<?xml version="1.0" encoding="UTF-8"?>

<mule xmlns:scripting="http://www.mulesoft.org/schema/mule/scripting"
	xmlns:http="http://www.mulesoft.org/schema/mule/http" xmlns:db="http://www.mulesoft.org/schema/mule/db"
	xmlns:vm="http://www.mulesoft.org/schema/mule/vm" xmlns:dw="http://www.mulesoft.org/schema/mule/ee/dw"
	xmlns="http://www.mulesoft.org/schema/mule/core" xmlns:doc="http://www.mulesoft.org/schema/mule/documentation"
	xmlns:spring="http://www.springframework.org/schema/beans" xmlns:xsi="http://www.w3.org/2001/XMLSchema-instance"
	xsi:schemaLocation="http://www.mulesoft.org/schema/mule/db http://www.mulesoft.org/schema/mule/db/current/mule-db.xsd
http://www.mulesoft.org/schema/mule/vm http://www.mulesoft.org/schema/mule/vm/current/mule-vm.xsd
http://www.mulesoft.org/schema/mule/ee/dw http://www.mulesoft.org/schema/mule/ee/dw/current/dw.xsd
http://www.springframework.org/schema/beans http://www.springframework.org/schema/beans/spring-beans-current.xsd
http://www.mulesoft.org/schema/mule/core http://www.mulesoft.org/schema/mule/core/current/mule.xsd
http://www.mulesoft.org/schema/mule/http http://www.mulesoft.org/schema/mule/http/current/mule-http.xsd
http://www.mulesoft.org/schema/mule/scripting http://www.mulesoft.org/schema/mule/scripting/current/mule-scripting.xsd">

	<flow name="UpsertMIPCMDMdbAudit">
		<vm:inbound-endpoint path="UpsertCMDMMIPdbAudit" doc:name="VM UpsertCMDMMIPdbAudit" exchange-pattern="request-response" connector-ref="ReltioVM" />
		<db:stored-procedure config-ref="bigwconfiguration" doc:name="call sp_NewBatch procedure">
			<db:parameterized-query><![CDATA[{ call MIPdb.cMDMPREP.sp_UpsertMIPAudit(:OBJECTNAME, :SOURCESYSTEM, :STATUS, :FILENAME, :AUDITKEY, :RETURNSTATUS, :STATUSMESSAGE)}]]></db:parameterized-query>
			<db:in-param name="OBJECTNAME" type="VARCHAR" value="#[payload.ObjectName]" />
			<db:in-param name="SOURCESYSTEM" type="VARCHAR" value="#[payload.SourceSystem]" />
			<db:in-param name="STATUS" type="VARCHAR" value="#[payload.Status]" />
			<db:in-param name="FILENAME" type="VARCHAR" value="#[payload.FileName]" />
			<db:inout-param name="AUDITKEY" type="INTEGER" value="#[payload.AuditKey]" />
			<db:inout-param name="RETURNSTATUS" type="INTEGER" value="#[payload.ReturnStatus]" />
			<db:inout-param name="STATUSMESSAGE" type="VARCHAR" value="#[payload.StatusMessage]" />
		</db:stored-procedure>
		<logger message="sp_UpsertMIPAudit response: #[payload]" level="INFO" doc:name="Logger" />
		<dw:transform-message doc:name="SetStatus">
			<dw:set-payload><![CDATA[%dw 1.0 
			 %output application/java 
			 --- 
			 { 
			 	AuditKey: payload.AUDITKEY,
			 	ReturnStatus: payload.RETURNSTATUS,
			 	StatusMessage: payload.STATUSMESSAGE			 	
			 } 
 			]]></dw:set-payload>
		</dw:transform-message>
		<catch-exception-strategy doc:name="Catch Exception Strategy">
			<logger message="Failed in getting Last Run Time for #[flowVars.jobName] Message: #[exception.getDetailedMessage()]" level="INFO" doc:name="Logger" />
			<set-variable variableName="exceptionMsg" value="#[exception.getDetailedMessage()]" doc:name="set exceptionMsg" />
			<dw:transform-message doc:name="Response payload">
				<dw:set-payload><![CDATA[%dw 1.0 
				 %input payload application/xml 
				 %output application/java 
				 --- 
				 { 
				 	AuditKey: "", 
				 	ReturnStatus: "-1",
			 		StatusMessage: "Exception occurred while calling the procedure"
				 } 
 			]]></dw:set-payload>
			</dw:transform-message>
		</catch-exception-strategy>
	</flow>


	<flow name="UpsertMIPPMDMdbAudit">
		<vm:inbound-endpoint path="UpsertPMDMMIPdbAudit" doc:name="VM UpsertPMDMMIPdbAudit" exchange-pattern="request-response" connector-ref="ReltioVM" />
		<db:stored-procedure config-ref="bigwconfiguration" doc:name="call sp_NewBatch procedure">
			<db:parameterized-query><![CDATA[{ call MIPdb.pMDMPREP.sp_UpsertMIPAudit(:OBJECTNAME, :SOURCESYSTEM, :STATUS, :FILENAME, :AUDITKEY, :RETURNSTATUS, :STATUSMESSAGE)}]]></db:parameterized-query>
			<db:in-param name="OBJECTNAME" type="VARCHAR" value="#[payload.ObjectName]" />
			<db:in-param name="SOURCESYSTEM" type="VARCHAR" value="#[payload.SourceSystem]" />
			<db:in-param name="STATUS" type="VARCHAR" value="#[payload.Status]" />
			<db:in-param name="FILENAME" type="VARCHAR" value="#[payload.FileName]" />
			<db:inout-param name="AUDITKEY" type="INTEGER" value="#[payload.AuditKey]" />
			<db:inout-param name="RETURNSTATUS" type="INTEGER" value="#[payload.ReturnStatus]" />
			<db:inout-param name="STATUSMESSAGE" type="VARCHAR" value="#[payload.StatusMessage]" />
		</db:stored-procedure>
		<logger message="sp_UpsertMIPAudit response: #[payload]" level="INFO" doc:name="Logger" />
		<dw:transform-message doc:name="SetStatus">
			<dw:set-payload><![CDATA[%dw 1.0 
			 %output application/java 
			 --- 
			 { 
			 	AuditKey: payload.AUDITKEY,
			 	ReturnStatus: payload.RETURNSTATUS,
			 	StatusMessage: payload.STATUSMESSAGE			 	
			 } 
 			]]></dw:set-payload>
		</dw:transform-message>
		<catch-exception-strategy doc:name="Catch Exception Strategy">
			<logger message="Failed in getting Last Run Time for #[flowVars.jobName] Message: #[exception.getDetailedMessage()]" level="INFO" doc:name="Logger" />
			<set-variable variableName="exceptionMsg" value="#[exception.getDetailedMessage()]" doc:name="set exceptionMsg" />
			<dw:transform-message doc:name="Response payload">
				<dw:set-payload><![CDATA[%dw 1.0 
				 %input payload application/xml 
				 %output application/java 
				 --- 
				 { 
				 	AuditKey: "", 
				 	ReturnStatus: "-1",
			 		StatusMessage: "Exception occurred while calling the procedure"
				 } 
 			]]></dw:set-payload>
			</dw:transform-message>
		</catch-exception-strategy>
	</flow>

</mule>
