<?xml version="1.0" encoding="UTF-8"?>

<mule xmlns:tracking="http://www.mulesoft.org/schema/mule/ee/tracking"
	xmlns:http="http://www.mulesoft.org/schema/mule/http" xmlns:db="http://www.mulesoft.org/schema/mule/db"
	xmlns:sfdc="http://www.mulesoft.org/schema/mule/sfdc" xmlns:vm="http://www.mulesoft.org/schema/mule/vm"
	xmlns:dw="http://www.mulesoft.org/schema/mule/ee/dw" xmlns="http://www.mulesoft.org/schema/mule/core"
	xmlns:doc="http://www.mulesoft.org/schema/mule/documentation"
	xmlns:spring="http://www.springframework.org/schema/beans" xmlns:xsi="http://www.w3.org/2001/XMLSchema-instance"
	xsi:schemaLocation="http://www.mulesoft.org/schema/mule/db http://www.mulesoft.org/schema/mule/db/current/mule-db.xsd
http://www.mulesoft.org/schema/mule/sfdc http://www.mulesoft.org/schema/mule/sfdc/current/mule-sfdc.xsd
http://www.mulesoft.org/schema/mule/vm http://www.mulesoft.org/schema/mule/vm/current/mule-vm.xsd
http://www.mulesoft.org/schema/mule/ee/dw http://www.mulesoft.org/schema/mule/ee/dw/current/dw.xsd
http://www.springframework.org/schema/beans http://www.springframework.org/schema/beans/spring-beans-current.xsd
http://www.mulesoft.org/schema/mule/core http://www.mulesoft.org/schema/mule/core/current/mule.xsd
http://www.mulesoft.org/schema/mule/http http://www.mulesoft.org/schema/mule/http/current/mule-http.xsd
http://www.mulesoft.org/schema/mule/ee/tracking http://www.mulesoft.org/schema/mule/ee/tracking/current/mule-tracking-ee.xsd">
    <sub-flow name="Sp_FlushBatch">
        <db:stored-procedure config-ref="bigwconfiguration" doc:name="call sp_NewBatch procedure">
            <db:parameterized-query><![CDATA[{ call MIPdb.cMDMPREP.sp_FlushBatch(:BATCHID, :LOADTYPE, :SUBBATCHSIZE, :BATCHSTATUS )}]]></db:parameterized-query>
            <db:in-param name="BATCHID" type="VARCHAR" value="#[payload.BatchID]"/>
            <db:in-param name="LOADTYPE" type="VARCHAR" value="#[payload.BatchType]"/>
            <db:in-param name="SUBBATCHSIZE" type="INTEGER" value="#[payload.BatchSize]"/>
            <db:inout-param name="BATCHSTATUS" type="VARCHAR" value="#[payload.BatchStatus]"/>
        </db:stored-procedure>
        <dw:transform-message doc:name="SetStatus">
            <dw:set-payload><![CDATA[%dw 1.0 
			 %output application/java 
			 --- 
			 { 
			 	Status: payload.BATCHSTATUS
			 } 
 			]]></dw:set-payload>
        </dw:transform-message>
    </sub-flow>

	<flow name="Execute_sp_FlushBatch">
		<vm:inbound-endpoint path="ExecuteFlushBatch" doc:name="VM ExecuteFlushBatch" exchange-pattern="request-response" connector-ref="ReltioVM" />
        <flow-ref name="Sp_FlushBatch" doc:name="Sp_FlushBatch"/>
		<catch-exception-strategy doc:name="Catch Exception Strategy">
			<logger message="Failed in getting Last Run Time for #[flowVars.jobName] Message: #[exception.getDetailedMessage()]" level="INFO" doc:name="Logger" />
			<set-variable variableName="exceptionMsg" value="#[exception.getDetailedMessage()]" doc:name="set exceptionMsg" />
			<dw:transform-message doc:name="Response payload">
				<dw:set-payload><![CDATA[%dw 1.0 
				 %input payload application/xml 
				 %output application/java 
				 --- 
				 { 
				 	Status: "Failed", 
				 	ExceptionMsg:flowVars.exceptionMsg
				 } 
 			]]></dw:set-payload>
			</dw:transform-message>
		</catch-exception-strategy>
	</flow>

	<flow name="http_call_FlushBatch">
		<http:listener config-ref="HTTP_Listener_Configuration" path="/flushbatch" doc:name="HTTP flushbatch " />
        <expression-component doc:name="Expression"><![CDATA[flowVars.BatchId=message.inboundProperties.'http.query.params'.batchid;
flowVars.BatchType=message.inboundProperties.'http.query.params'.batchtype;
flowVars.BatchSize=message.inboundProperties.'http.query.params'.batchsize;
]]></expression-component>
		<choice doc:name="ValdiateInputParam">
			<when expression="#[flowVars.BatchId != null &amp;&amp; flowVars.BatchType !=null &amp;&amp; flowVars.BatchSize != null]">
				<set-payload value="#[['BatchID':flowVars.BatchID, 'BatchType':flowVars.BatchType, 'BatchSize':flowVars.BatchSize, 'BatchStatus':'']]" doc:name="Set flushbatch Payload" />
                <flow-ref name="Sp_FlushBatch" doc:name="Sp_FlushBatch"/>
                <dw:transform-message doc:name="create json">
                    <dw:set-payload><![CDATA[%dw 1.0
%output application/json
---
{
Status: payload.Status,
(ExceptionMsg : 'Failed while invoking FlushBatch procedure') when payload.Status != 'Success'
}]]></dw:set-payload>
                </dw:transform-message>
			</when>
			<otherwise>
				<dw:transform-message doc:name="SetExceptionPayload">
					<dw:set-payload><![CDATA[%dw 1.0 
%output application/json 
--- 
{ 
Status: "Failed", 
ExceptionMsg:"One of the mandatory fields (batchid, batchtype, batchsize) are missing."
} 
]]></dw:set-payload>
				</dw:transform-message>
			</otherwise>
		</choice>
	</flow>
</mule>
