<?xml version="1.0" encoding="UTF-8"?>

<mule xmlns:file="http://www.mulesoft.org/schema/mule/file" xmlns:http="http://www.mulesoft.org/schema/mule/http"
	xmlns:db="http://www.mulesoft.org/schema/mule/db"
	xmlns:context="http://www.springframework.org/schema/context" 
	xmlns="http://www.mulesoft.org/schema/mule/core" 
	xmlns:doc="http://www.mulesoft.org/schema/mule/documentation"
	xmlns:smtp="http://www.mulesoft.org/schema/mule/smtp" 
	xmlns:spring="http://www.springframework.org/schema/beans" 
	xmlns:sfdc="http://www.mulesoft.org/schema/mule/sfdc"
	xmlns:xsi="http://www.w3.org/2001/XMLSchema-instance" 
	xsi:schemaLocation="http://www.mulesoft.org/schema/mule/http http://www.mulesoft.org/schema/mule/http/current/mule-http.xsd
http://www.mulesoft.org/schema/mule/db http://www.mulesoft.org/schema/mule/db/current/mule-db.xsd
http://www.springframework.org/schema/beans http://www.springframework.org/schema/beans/spring-beans-current.xsd
http://www.mulesoft.org/schema/mule/sfdc http://www.mulesoft.org/schema/mule/sfdc/current/mule-sfdc.xsd
http://www.mulesoft.org/schema/mule/core http://www.mulesoft.org/schema/mule/core/current/mule.xsd
http://www.mulesoft.org/schema/mule/smtp http://www.mulesoft.org/schema/mule/smtp/current/mule-smtp.xsd
http://www.springframework.org/schema/context http://www.springframework.org/schema/context/spring-context-current.xsd
http://www.mulesoft.org/schema/mule/file http://www.mulesoft.org/schema/mule/file/current/mule-file.xsd">
	
	<!-- This is the main configuration files, you should place here all the Connector configurations and declarations -->
	
	<context:property-placeholder location="classpath:envproperties/${mule.env}.properties"/>
	
	<db:generic-config name="bigwconfiguration"
		url="${bigwdburl}"
		driverClassName="${sqldriver}"
		doc:name="Generic Database Configuration">
		<db:pooling-profile maxPoolSize="150" minPoolSize="50"
			acquireIncrement="30" />
		<reconnect frequency="3000" />
	</db:generic-config>
	
	<smtp:connector name="SMTP" contentType="text/html" validateConnections="true" doc:name="SMTP"/>
     <http:request-config name="SF_HTTP_Request_Configuration" host="${SFAuditHost}" port="${SFAuditPort}" doc:name="HTTP Request Configuration" responseTimeout="200000" />
    <flow name="mailflow">
		<set-payload value="#[flowVars.mailpayload]" doc:name="Set Payload" />
		<parse-template location="status.html" doc:name="mailparsetemplate" />
		<set-variable variableName="mailSubject"
			value="${Mail_Distribution_Subject} - ${mule.env}  " doc:name="Variable" />
		<smtp:outbound-endpoint host="${mail.host}"
			port="${mail.port}" connector-ref="SMTP" to="${mail.To}"
			from="${mail.From}" subject="#[flowVars.mailSubject]"
			responseTimeout="10000" doc:name="sendmail" />
	</flow>
    
</mule>
