[
  {
    "sourceIdentifiers": [
      {
        "id": "111111015A014i",
        "sourceSystem": "SalesforceOI"
      }
    ],
    "name": [
      {
        "type": "Reporting Name",
        "name": "RMN RN A014"
      },
      {
        "type": "Doing Business As",
        "name": "RMN DBA A014"
      }
    ],
    "dunsNumber": [
      {
        "type": "Headquarter DUNS",
        "id": "HQA014",
        "Name": "Headquarter DUNS-NameA014"
      },
      {
        "type": "DUNS Number",
        "id": "DUNS-Id",
        "Name": "DUNS Number-NameA014"
      }
    ],
    "phone": [
      {
        "type": "Business",
        "areaCode": "123",
        "number": "452 7014"
      },
      {
        "type": "FAX",
        "areaCode": "234",
        "number": "452 7890"
      }
    ],
    "address": {
      "physicaladdress": {
        "addressLine1": "1234 Street A014",
        "city": "Houston",
        "stateProvince": "Texas",
        "country": "USA"
      },
      "mailingaddress": {
        "addressLine1": "4321 Street A014",
        "zip": {
          "zip5": "22014"
        },
        "country": "USA"
      }
    },
    "eid": "EID-123456789A014",
    "establishedDate": "12-31-2001",
    "totalEmployeeCount": 582,
    "estimatedAnnualRevenue": 70105277.42,
    "currencyTypeCode": "USD",
    "publicPrivateIndicator": "Y",
    "smallBusinessIndicator": "N",
    "localEmployeeCount": 99,
    "minorityOwnIndicator": "Y",
    "minorityType": "true",
    "womenOwnedIndicator": "N",
    "legalStatusCode": "AB",
    "manufacturingIndicator": "Y",
    "subsidiaryIndicator": "N",
    "websiteURL": "cupidatat ipsum laborum",
    "taxid": "TXID-A014",
    "contractNumber": [
      {
        "number": "contractNumber-A014a",
        "sourceSystem": "RMN-Test1"
      },
      {
        "number": "contractNumber-A014b",
        "sourceSystem": "RMN-Test2"
      }
    ],
    "identifiers": [
      {
        "type": "Parent ID Match",
        "sourceSystem": "SalesforceOI",
        "id": "Parent ID Match-A014"
      },
      {
        "type": "DUNS Location Type Code",
        "sourceSystem": "SalesforceOI",
        "id": "DUNS Location Type Code-A014"
      }
    ],
    "industry": [
      {
        "code": "8 digit SIC Code",
        "id": "87120000",
        "description": "8 digit SIC Code-DESC",
        "sourceType": "SalesforceOI"
      }
    ]
  }
]