{
  "$schema": "http://json-schema.org/draft-06/schema#",
  "type": "object",
  "properties": {
    "address": {
      "type": "object",
      "properties": {
        "physicaladdress": {
            "$ref": "Definitions.json#/definitions/address_def"
        },
        "mailingaddress": {
            "$ref": "Definitions.json#/definitions/address_def"
        }
      },
      "required": [
        "physicaladdress"
      ]
    },
    "establishedDate": {
      "type": "string"
    },
    "totalEmployeeCount": {
      "type": "number"
    },
    "estimatedAnnualRevenue": {
      "type": "number"
    },
    "currencyTypeCode": {
      "type": "string", "maxLength": 4
    },
    "publicPrivateIndicator": {
      "$ref": "Definitions.json#/definitions/indicator_def"
    },
    "smallBusinessIndicator": {
      "$ref": "Definitions.json#/definitions/indicator_def"
    },
    "localEmployeeCount": {
      "type": "number"
    },
    "minorityOwnIndicator": {
      "$ref": "Definitions.json#/definitions/indicator_def"
    },
    "minorityType": {
      "type": "string", "maxLength": 6
    },
    "womenOwnedIndicator": {
      "$ref": "Definitions.json#/definitions/indicator_def"
    },
    "legalStatusCode": {
      "type": "string", "maxLength": 3
    },
    "manufacturingIndicator": {
       "$ref": "Definitions.json#/definitions/indicator_def"
    },
    "subsidiaryIndicator": {
      "$ref": "Definitions.json#/definitions/indicator_def"
    },
    "dunsLocationTypeCode": {
      "type": "string"
    },
    "websiteURL": {
      "type": "string"
    },
    "eid": {
      "type": "string"
    },
    "taxid": {
      "type": "string"
    },
    "companyGroup": {
      "type": "array",
      "items": {
        "$ref": "Definitions.json#/definitions/companyGroup_def"
      }
    },
    "contractNumber": {
      "type": "array",
      "items": {
        "$ref": "Definitions.json#/definitions/contractNumber_def"
      }
    },
    "identifiers": {
      "type": "array",
      "items": {
        "$ref": "Definitions.json#/definitions/identifier_def"
      }
    },
    "dunsNumber": {
      "type": "array",
      "items": {
        "$ref": "Definitions.json#/definitions/dunsNumber_def"
      }
    },
    "industry": {
      "type": "array",
      "items": {
        "$ref": "Definitions.json#/definitions/industry_def"
      }
    },
    "name": {
      "type": "array",
      "items": {
        "$ref": "Definitions.json#/definitions/name_def"
      },
      "minItems": 1
    },
    "phone": {
      "type": "array",
      "items": {
        "$ref": "Definitions.json#/definitions/phone_def"
      }
    },
    "sourceIdentifiers": {
      "type": "array",
      "items": {
	      "$ref": "Definitions.json#/definitions/sourceIdentifier_def"
	  },
	  "minItems": 1
    },
    "hierarchy": {
      "type": "array",
      "items": {
        "$ref": "Definitions.json#/definitions/hierarchy_def"
      }
    }
  },
  "required": [
    "sourceIdentifiers",
    "name",
    "address"
  ],
  "additionalProperties": false
}