{
  "type": "Company",
  "response": [
    {
      "eid": "entities/5ZRKoAg",
      "name": [
        {
          "type": "Reporting Name",
          "name": "Test"
        }
      ],
      "sourceIdentifier": [
        {
          "id": "624592551",
          "sourceSystem": "DunBradstrt"
        }
      ],
      "industry": [
        {
          "code": "Major Industry Code",
          "id": "9",
          "description": "services",
          "sourceType": "DunBradstrt"
        }
      ],
      "address": {
        "physicalAddress": [
          {
            "addressLine1": "123 Test",
            "city": "New York",
            "stateProvince": "NY",
            "zip": "10001",
            "geoLocation": {},
            "country": "US"
          }
        ]
      },
      "dunsNumber": [
        {
          "type": "DUNS Number",
          "id": "624592551"
        }
      ],
      "totalEmployeeCount": 2,
      "estimatedAnnualRevenue": 140000,
      "currencyTypeCode": "USD",
      "localEmployeeCount": 2,
      "companyGroup": [
        {
          "name": "The Blues"
        },
        {
          "name": "Undefined Customer"
        }
      ]
    }
  ]
}