<?xml version="1.0" encoding="UTF-8"?>

<mule xmlns:dw="http://www.mulesoft.org/schema/mule/ee/dw" xmlns="http://www.mulesoft.org/schema/mule/core"
	xmlns:doc="http://www.mulesoft.org/schema/mule/documentation"
	xmlns:spring="http://www.springframework.org/schema/beans" xmlns:xsi="http://www.w3.org/2001/XMLSchema-instance"
	xsi:schemaLocation="http://www.springframework.org/schema/beans http://www.springframework.org/schema/beans/spring-beans-current.xsd
http://www.mulesoft.org/schema/mule/core http://www.mulesoft.org/schema/mule/core/current/mule.xsd
http://www.mulesoft.org/schema/mule/ee/dw http://www.mulesoft.org/schema/mule/ee/dw/current/dw.xsd">

	<sub-flow name="transformation_exception">
		<dw:transform-message doc:name="Transform Message">
			<dw:set-payload><![CDATA[%dw 1.0
%output application/json skipNullOn = "everywhere"
---
{
"type": "Exception",
"response": [
   "message": flowVars.exceptionMessage
]
}]]></dw:set-payload>
		</dw:transform-message>
	</sub-flow>
	<sub-flow name="transformation_Status">
		<dw:transform-message doc:name="Transform Message">
			<dw:set-payload><![CDATA[%dw 1.0
%output application/json skipNullOn = "everywhere"
---
{
"type": "Status",
"response": {
   "status": flowVars.status,
   "message": flowVars.statusMessage
}
}]]></dw:set-payload>
		</dw:transform-message>
	</sub-flow></mule>
