<?xml version="1.0" encoding="UTF-8"?>
<mule xmlns="http://www.mulesoft.org/schema/mule/core" xmlns:apikit="http://www.mulesoft.org/schema/mule/apikit" xmlns:doc="http://www.mulesoft.org/schema/mule/documentation" xmlns:dw="http://www.mulesoft.org/schema/mule/ee/dw" xmlns:http="http://www.mulesoft.org/schema/mule/http" xmlns:scripting="http://www.mulesoft.org/schema/mule/scripting" xmlns:spring="http://www.springframework.org/schema/beans" xmlns:tracking="http://www.mulesoft.org/schema/mule/ee/tracking" xmlns:xsi="http://www.w3.org/2001/XMLSchema-instance" xsi:schemaLocation="http://www.mulesoft.org/schema/mule/scripting http://www.mulesoft.org/schema/mule/scripting/current/mule-scripting.xsd
http://www.mulesoft.org/schema/mule/core http://www.mulesoft.org/schema/mule/core/current/mule.xsd
http://www.mulesoft.org/schema/mule/http http://www.mulesoft.org/schema/mule/http/current/mule-http.xsd
http://www.mulesoft.org/schema/mule/apikit http://www.mulesoft.org/schema/mule/apikit/current/mule-apikit.xsd
http://www.springframework.org/schema/beans http://www.springframework.org/schema/beans/spring-beans-3.1.xsd
http://www.mulesoft.org/schema/mule/ee/tracking http://www.mulesoft.org/schema/mule/ee/tracking/current/mule-tracking-ee.xsd
http://www.mulesoft.org/schema/mule/ee/dw http://www.mulesoft.org/schema/mule/ee/dw/current/dw.xsd">
    <apikit:config name="reltiocompanyapi-config" raml="reltiocompanyapi.raml" consoleEnabled="false" doc:name="Router" />
    <flow name="reltiocompanyapi-main">
        <http:listener config-ref="reltioserviceapi-httpListenerConfig" path="/api/mdm/company/v1/*" doc:name="HTTP" />
        <expression-component doc:name="Expression"><![CDATA[flowVars.httpRelativePath=message.inboundProperties['http.relative.path'];
flowVars.client_id=message.inboundProperties.client_id;]]></expression-component>

        <apikit:router config-ref="reltiocompanyapi-config" doc:name="APIkit Router" />
        <exception-strategy ref="reltiocompanyapi-apiKitGlobalExceptionMapping" doc:name="Reference Exception Strategy" />
    </flow>
    <flow name="reltiocompanyapi-console">
        <http:listener config-ref="reltioserviceapi-httpListenerConfig" path="/console/*" doc:name="HTTP" />
        <apikit:console config-ref="reltiocompanyapi-config" doc:name="APIkit Console" />
    </flow>
    <flow name="post:/companies/search:reltiocompanyapi-config">
        <flow-ref name="searchservicepostflow" doc:name="searchservicepostflow" />
    </flow>
    <flow name="post:/companies/submit:reltiocompanyapi-config">
        <flow-ref name="submitcompanyPostFlow" doc:name="submitcompanyPostFlow"/>

    </flow>
    <apikit:mapping-exception-strategy name="reltiocompanyapi-apiKitGlobalExceptionMapping">
        <apikit:mapping statusCode="404">
            <apikit:exception value="org.mule.module.apikit.exception.NotFoundException" />
            <set-variable value="Resource not found" variableName="exceptionMessage" doc:name="Variable" />
            <flow-ref name="transformation_exception" doc:name="transformation_exception" />
        </apikit:mapping>
        <apikit:mapping statusCode="405">
            <apikit:exception value="org.mule.module.apikit.exception.MethodNotAllowedException" />
            <set-variable value="Method not allowed" variableName="exceptionMessage" doc:name="Variable" />
            <flow-ref name="transformation_exception" doc:name="transformation_exception" />
        </apikit:mapping>
        <apikit:mapping statusCode="406">
            <apikit:exception value="org.mule.module.apikit.exception.NotAcceptableException" />
            <set-variable value="Not acceptable" variableName="exceptionMessage" doc:name="Variable" />
            <flow-ref name="transformation_exception" doc:name="transformation_exception" />
        </apikit:mapping>
        <apikit:mapping statusCode="400">
            <apikit:exception value="org.mule.module.apikit.exception.BadRequestException" />
            <scripting:transformer doc:name="Groovy">
                <scripting:script engine="Groovy"><![CDATA[flowVars.exceptionMessage = exception.getMessage();
int index = exception.getMessage().indexOf('(');
if(index > 0)
{
	flowVars.exceptionMessage = exception.getMessage().substring(0,index);
}]]></scripting:script>
            </scripting:transformer>
            <set-variable value="#[flowVars.exceptionMessage]" variableName="exceptionMessage" doc:name="Variable" />
            <flow-ref name="transformation_exception" doc:name="transformation_exception" />
        </apikit:mapping>
        <apikit:mapping statusCode="501">
            <apikit:exception value="esb.CompanyException" />
            <expression-component doc:name="Expression"><![CDATA[flowVars.status = "Fail";
flowVars.statusMessage = exception.getCause().getMessage();]]></expression-component>

            <flow-ref name="transformation_Status" doc:name="transformation_Status" />
        </apikit:mapping>
        <apikit:mapping statusCode="500">
            <apikit:exception value="java.lang.Exception" />
            <expression-component doc:name="Expression"><![CDATA[flowVars.notificationMessage = "Service - "+ flowVars.httpRelativePath + " Verbose Message: "+exception.getVerboseMessage();
flowVars.exceptionMessage = "Exception: '"+exception.getCause().toString() +"' occurred while processing the request. Please try again later. If issue persists, please contact integration support : https://optum.secure.force.com/GOSupport/GOSupportRequest .";]]></expression-component>
            <flow-ref name="throwExceptionNotification" doc:name="throwExceptionNotification"/>

            <flow-ref name="transformation_exception" doc:name="transformation_exception" />
        </apikit:mapping>
    </apikit:mapping-exception-strategy>
</mule>
