{
  "$schema": "http://json-schema.org/draft-06/schema#",
  "type": "object",
  "properties": {
    "type": {
      "type": "string",
      "enum": [
        "Status",
        "Exception"
      ]
    },
    "response": {
      "oneOf": [
        {
          "$ref": "Definations.json#/definitions/exception_def"
        },
        {
          "properties": {
            "status": {
              "type": "string",
              "enum": [
                "Success",
                "Fail"
              ]
            },
            "message": {
              "type": "string"
            }
          }
        }
      ]
    }
  },
  "additionalProperties": false
}