<?xml version="1.0" encoding="UTF-8"?>

<mule xmlns:scripting="http://www.mulesoft.org/schema/mule/scripting" xmlns:metadata="http://www.mulesoft.org/schema/mule/metadata" xmlns:json="http://www.mulesoft.org/schema/mule/json"
	xmlns:db="http://www.mulesoft.org/schema/mule/db"
	xmlns:dw="http://www.mulesoft.org/schema/mule/ee/dw" xmlns:http="http://www.mulesoft.org/schema/mule/http" xmlns:tracking="http://www.mulesoft.org/schema/mule/ee/tracking" xmlns="http://www.mulesoft.org/schema/mule/core" xmlns:doc="http://www.mulesoft.org/schema/mule/documentation"
	xmlns:spring="http://www.springframework.org/schema/beans" 
	xmlns:xsi="http://www.w3.org/2001/XMLSchema-instance"
	xsi:schemaLocation="http://www.mulesoft.org/schema/mule/json http://www.mulesoft.org/schema/mule/json/current/mule-json.xsd
http://www.mulesoft.org/schema/mule/db http://www.mulesoft.org/schema/mule/db/current/mule-db.xsd
http://www.springframework.org/schema/beans http://www.springframework.org/schema/beans/spring-beans-current.xsd
http://www.mulesoft.org/schema/mule/core http://www.mulesoft.org/schema/mule/core/current/mule.xsd
http://www.mulesoft.org/schema/mule/ee/tracking http://www.mulesoft.org/schema/mule/ee/tracking/current/mule-tracking-ee.xsd
http://www.mulesoft.org/schema/mule/http http://www.mulesoft.org/schema/mule/http/current/mule-http.xsd
http://www.mulesoft.org/schema/mule/ee/dw http://www.mulesoft.org/schema/mule/ee/dw/current/dw.xsd
http://www.mulesoft.org/schema/mule/scripting http://www.mulesoft.org/schema/mule/scripting/current/mule-scripting.xsd">
    <flow name="submitcompanyPostFlow">
        <expression-component doc:name="Expression"><![CDATA[flowVars.ErrorExceptionInfo=null;]]></expression-component>
        <flow-ref name="ValidatePayloadWithCompanySchema" doc:name="ValidatePayloadWithCompanySchema"/>
        <choice doc:name="Choice-ErrorExceptionInfo">
            <when expression="#[flowVars.ErrorExceptionInfo != null]">
                <flow-ref name="ThrowCompanyException" doc:name="ThrowCompanyException"/>
            </when>
            <otherwise>
                <expression-component doc:name="Expression"><![CDATA[flowVars.ORG_PayloadStr=payload;

]]></expression-component>
                <dw:transform-message doc:name="sourceSystem">
                    <dw:input-payload mimeType="application/json"/>
                    <dw:set-variable variableName="sourceSystem"><![CDATA[%dw 1.0
%output application/java
---
payload.sourceIdentifier[0].sourceSystem]]></dw:set-variable>
                </dw:transform-message>
                <flow-ref name="SendDataToIntakeTables" doc:name="SendDataToIntakeTables"/>
                <flow-ref name="FlushBatchAndSendToReltio" doc:name="FlushBatchAndSendToReltio"/>
            </otherwise>
        </choice>
        <set-payload value="#['Records inserted with Batch_ID'+ flowVars.BATCHID + '\n-----------------------------------------------------------'+ message.payloadAs(String)]" doc:name="Set Payload"/>
    </flow>
    <sub-flow name="SendDataToIntakeTables">
        <flow-ref name="SP_NewBatchID" doc:name="SP_NewBatchID"/>
        <set-payload value="#[flowVars.ORG_PayloadStr]" doc:name="Set Payload (ORG_PayloadStr)"/>
        <dw:transform-message doc:name="Transform Message">
            <dw:input-payload mimeType="application/json"/>
            <dw:set-variable variableName="STD_Org_Phone"><![CDATA[%dw 1.0
%output application/java
---
payload.phone map {
	Source_System:payload.sourceIdentifier[0].sourceSystem, 
	Source_Id:payload.sourceIdentifier[0].id, 
	Batch_Id: flowVars.BATCHID,
	Phone_Type: $.type,
	Area_Code: $.areaCode,
	Number: $.number,
	(Country_Code: $.countryCode) when $.countryCode != null,
	(Extension: $.extension) when $.extension != null,
	(Exchange: $.exchangeNumber) when $.exchangeNumber != null,
	(Standard_Indicator: $.standardIndicator) when $.standardIndicator != null
}]]></dw:set-variable>
            <dw:set-variable variableName="STD_Org_Identifier"><![CDATA[%dw 1.0
%output application/java
---
flatten [
(payload.dunsNumbers filter ($.Name != null) map {
	Source_System:payload.sourceIdentifier[0].sourceSystem, 
	Source_Id:payload.sourceIdentifier[0].id, 
	Identifier_Type: $.type match {
		"DUNS Number" -> "DUNS Name",	
		"Domestic Ultimate DUNS number" -> "Domestic Ultimate DUNS Name",
		"Headquarter DUNS number" -> "Headquarter DUNS Name",
		"Parent DUNS number" -> "Parent DUNS Name",
		"Global Ultimate DUNS number" -> "Global Ultimate DUNS Name"
	},
	Identifier_Value: $.Name,
	Batch_Id: flowVars.BATCHID,
	Identifier_Source_System: payload.sourceIdentifier[0].sourceSystem,
	Identifier_Desc: null 
}) ,
(payload.contractNumber map {
	Source_System:payload.sourceIdentifier[0].sourceSystem, 
	Source_Id:payload.sourceIdentifier[0].id, 
	Identifier_Type: "Contract Number",
	Identifier_Value: $.number,
	Batch_Id: flowVars.BATCHID,
	Identifier_Source_System: $.sourceSystem,
	Identifier_Desc: null
}),
(payload.industry map {
	Source_System:payload.sourceIdentifier[0].sourceSystem, 
	Source_Id:payload.sourceIdentifier[0].id, 
	Identifier_Type: $.code,
	Identifier_Value: $.id,
	Batch_Id: flowVars.BATCHID,
	Identifier_Source_System: $.sourceType,
	Identifier_Desc: $.description
}),
(payload.identifier map {
	Source_System:payload.sourceIdentifier[0].sourceSystem, 
	Source_Id:payload.sourceIdentifier[0].id, 
	Identifier_Type: $.type,
	Identifier_Value: $.id,
	Batch_Id: flowVars.BATCHID,
	Identifier_Source_System: $.sourceSystem,
	Identifier_Desc: $.description
})
]]]></dw:set-variable>
            <dw:set-variable variableName="STD_Organization"><![CDATA[%dw 1.0
%output application/java
---
{
Source_System:payload.sourceIdentifier[0].sourceSystem, 
Source_Id:payload.sourceIdentifier[0].id, 
Batch_Id:flowVars.BATCHID,  
(payload.names map {
	(Reporting_Name: $.name) when $.type == "Reporting Name", 
	(Legal_Name: $.name) when $.type == "Legal Name",
	(Doing_Business_As_Name: $.name) when $.type == "Doing Business As"
}),
(payload.dunsNumbers map {
	(DUNS_Number: $.id) when $.type == "DUNS Number",
	(Domestic_Ultimate_DUNS: $.id) when $.type == "Domestic Ultimate DUNS number",
	(Headquarter_DUNS: $.id) when $.type == "Headquarter DUNS number",
	(Parent_DUNS: $.id) when $.type == "Parent DUNS number",
	(Global_Ultimate_DUNS: $.id) when $.type == "Global Ultimate DUNS number"
}),
Phys_Address_Line1: payload.address.physicaladdress.addressLine1,
(Phys_Address_Line2: payload.address.physicaladdress.addressLine2) when payload.address.physicaladdress.addressLine2 != null,
Phys_City: payload.address.physicaladdress.city,
Phys_State_Province: payload.address.physicaladdress.stateProvince,
Phys_Zip: payload.address.physicaladdress.zip.zip5,
Phys_Country: payload.address.physicaladdress.country,
(Phys_Building: payload.address.physicaladdress.building) when payload.address.physicaladdress.building != null,
(Phys_Street: payload.address.physicaladdress.street) when payload.address.physicaladdress.street != null,
(Mail_Address_Line1: payload.address.mailingaddress.addressLine1) when payload.address.mailingaddress !=null,
(Mail_Address_Line2: payload.address.mailingaddress.addressLine2) when payload.address.mailingaddress.addressLine2 !=null,
(Mail_City: payload.address.mailingaddress.city) when payload.address.mailingaddress !=null,
(Mail_State_Province: payload.address.mailingaddress.stateProvince) when payload.address.mailingaddress !=null,
(Mail_Zip: payload.address.mailingaddress.zip.zip5) when payload.address.mailingaddress !=null,
(Mail_Country: payload.address.mailingaddress.country) when payload.address.mailingaddress !=null,
(Mail_Building: payload.address.mailingaddress.building) when payload.address.mailingaddress.building !=null,
(Mail_Street: payload.address.mailingaddress.street) when payload.address.mailingaddress.street !=null,
(Established_Date: payload.establishedDate) when payload.establishedDate != null,
(Total_Employee_Count: payload.totalEmployeeCount) when payload.totalEmployeeCount != null,
(Estimated_Annual_Revenue: payload.estimatedAnnualRevenue) when payload.estimatedAnnualRevenue != null,
(Currency_Type_Code: payload.currencyTypeCode) when payload.currencyTypeCode != null,
(Public_Private_Indicator: payload.publicPrivateIndicator) when payload.publicPrivateIndicator != null,
(Small_Business_Indicator: payload.smallBusinessIndicator) when payload.smallBusinessIndicator != null,
(Local_Employee_Count: payload.localEmployeeCount) when payload.localEmployeeCount != null,
(Minority_Owned_Indicator: payload.minorityOwnIndicator) when payload.minorityOwnIndicator != null,
(Minority_Type: payload.minorityType) when payload.minorityType != null,
(Women_Owned_Indicator: payload.womenOwnedIndicator) when payload.womenOwnedIndicator != null,
(Legal_Status_Code: payload.legalStatusCode) when payload.legalStatusCode != null,
(Manufacturing_Indicator: payload.manufacturingIndicator) when payload.manufacturingIndicator != null,
(Subsidiary_Indicator: payload.subsidiaryIndicator) when payload.subsidiaryIndicator != null,
(Website_URL: payload.websiteURL) when payload.websiteURL != null
}]]></dw:set-variable>
        </dw:transform-message>
        <flow-ref name="STD_Organization_Insert" doc:name="STD_Organization_Insert"/>
        <flow-ref name="STD_Org_Identifier_Insert" doc:name="STD_Org_Identifier_Insert"/>
        <flow-ref name="STD_Org_Phone_Insert" doc:name="STD_Org_Phone_Insert"/>

    </sub-flow>
    <sub-flow name="SP_NewBatchID">
        <dw:transform-message doc:name="Transform Message">
            <dw:set-payload><![CDATA[%dw 1.0
%output application/json
---
{
	 "BatchType" : "API", 
	 "Account" : flowVars.client_id,
	 "SourceType" : flowVars.sourceSystem
}]]></dw:set-payload>
        </dw:transform-message>
        <http:request config-ref="ReltioDomain_HTTP_Request_Configuration" path="/getbatchid" method="POST" doc:name="HTTP-GetBatchID"/>
        <choice doc:name="Choice-BATCHID">
            <when expression="#[payload.BATCHID &lt;= 0]">
                <set-variable variableName="ErrorExceptionInfo" value="SP_NewBatchID Error ==&gt; #[payload.BATCHID] : #[payload.CALLSTATUS]" doc:name="ErrorExceptionData"/>
                <flow-ref name="ThrowCompanyException" doc:name="ThrowCompanyException"/>

            </when>
            <otherwise>
                <expression-component doc:name="BATCHID_And_CALLSTATUS"><![CDATA[flowVars.BATCHID=payload.BATCHID;
flowVars.BATCHID_CALLSTATUS=payload.CALLSTATUS;]]></expression-component>

            </otherwise>
        </choice>

    </sub-flow>
    <sub-flow name="FlushBatchAndSendToReltio">
        <http:request config-ref="ReltioDomain_HTTP_Request_Configuration" path="/flushbatch" method="GET" doc:name="HTTP-FlushBatch">
            <http:request-builder>
                <http:query-param paramName="batchid" value="#[flowVars.BATCHID]"/>
                <http:query-param paramName="batchtype" value="FULL"/>
                <http:query-param paramName="batchsize" value="1"/>
            </http:request-builder>
        </http:request>
        <dw:transform-message doc:name="Transform Message">
            <dw:set-payload><![CDATA[%dw 1.0
%output application/java
---
payload]]></dw:set-payload>
        </dw:transform-message>
        <choice doc:name="Choice-ExceptionMsg">
            <when expression="#[payload.ExceptionMsg != null]">
                <set-variable variableName="ErrorExceptionInfo" value="#[payload.ExceptionMsg]" doc:name="ErrorExceptionInfo"/>
                <flow-ref name="ThrowCompanyException" doc:name="ThrowCompanyException"/>
            </when>
            <otherwise>
                <flow-ref name="ReltioCreateCompany" doc:name="ReltioCreateCompany"/>
            </otherwise>
        </choice>
    </sub-flow>
    <sub-flow name="ReltioCreateCompany">
        <logger level="INFO" doc:name="Logger"/>
    </sub-flow>
</mule>
