<?xml version="1.0" encoding="UTF-8"?>

<mule xmlns:scripting="http://www.mulesoft.org/schema/mule/scripting" xmlns:tracking="http://www.mulesoft.org/schema/mule/ee/tracking" xmlns="http://www.mulesoft.org/schema/mule/core" xmlns:doc="http://www.mulesoft.org/schema/mule/documentation"
	xmlns:spring="http://www.springframework.org/schema/beans" 
	xmlns:xsi="http://www.w3.org/2001/XMLSchema-instance"
	xsi:schemaLocation="http://www.springframework.org/schema/beans http://www.springframework.org/schema/beans/spring-beans-current.xsd
http://www.mulesoft.org/schema/mule/core http://www.mulesoft.org/schema/mule/core/current/mule.xsd
http://www.mulesoft.org/schema/mule/ee/tracking http://www.mulesoft.org/schema/mule/ee/tracking/current/mule-tracking-ee.xsd
http://www.mulesoft.org/schema/mule/scripting http://www.mulesoft.org/schema/mule/scripting/current/mule-scripting.xsd">
    <flow name="throwExceptionNotification">
        <scripting:component doc:name="Groovy">
            <scripting:script engine="Groovy"><![CDATA[throw new esb.ExceptionNotification(flowVars.notificationmessage);]]></scripting:script>
        </scripting:component>
        <catch-exception-strategy doc:name="Catch Exception Strategy">
            <logger message="exception occurred: notification message: #[flowVars.notificationmessage]" level="INFO" doc:name="Logger"/>
        </catch-exception-strategy>
    </flow>
</mule>
